{
  "stacks": null,
  "raw_stats": {
    "user": {
      "name": "user",
      "total_count": 5,
      "top_level_count": 5,
      "total_time": 0.002294999547302723,
      "top_level_time": 0.002294999547302723
    },
    "account": {
      "name": "account",
      "total_count": 4,
      "top_level_count": 2,
      "total_time": 0.02294999547302723,
      "top_level_time": 0.02294999547302723
    }
  }
}
